<?xml version="1.0" encoding="UTF-8" ?>
<XMLDB PATH="mod/readaloud/db" VERSION="20101203" COMMENT="XMLDB file for Moodle mod/readaloud"
       xmlns:xsi="http://www.w3.org/2001/XMLSchema-instance"
       xsi:noNamespaceSchemaLocation="../../../lib/xmldb/xmldb.xsd"
>
    <TABLES>
        <TABLE NAME="readaloud" COMMENT="Default comment for readaloud">
            <FIELDS>
                <FIELD NAME="id" TYPE="int" LENGTH="10" NOTNULL="true" UNSIGNED="true" SEQUENCE="true"/>
                <FIELD NAME="course" TYPE="int" LENGTH="10" NOTNULL="true" UNSIGNED="true" SEQUENCE="false" COMMENT="Course readaloud activity belongs to"/>
                <FIELD NAME="name" TYPE="char" LENGTH="255" NOTNULL="true" SEQUENCE="false" COMMENT="name field for moodle instances"/>
                <FIELD NAME="intro" TYPE="text" LENGTH="big" NOTNULL="false" SEQUENCE="false" COMMENT="General introduction of the readaloud activity"/>
                <FIELD NAME="introformat" TYPE="int" LENGTH="4" NOTNULL="true" UNSIGNED="true" DEFAULT="0" SEQUENCE="false"
                       COMMENT="Format of the intro field (MOODLE, HTML, MARKDOWN...)"/>
                <FIELD NAME="passage" TYPE="text" LENGTH="big" NOTNULL="false" SEQUENCE="false" COMMENT="The passage to be read."/>
                <FIELD NAME="passagesegments" TYPE="text" LENGTH="big" NOTNULL="false" SEQUENCE="false" COMMENT="The passage with spaces(usually same as passage)."/>
                <FIELD NAME="passagehash" TYPE="char" LENGTH="255" NOTNULL="false" SEQUENCE="false" COMMENT="The hash of the passage"/>
                <FIELD NAME="passageformat" TYPE="int" LENGTH="4" NOTNULL="true" UNSIGNED="true" DEFAULT="0" SEQUENCE="false"
                       COMMENT="Format of the passage field (MOODLE, HTML, MARKDOWN...)"/>
                <FIELD NAME="passagepicture" TYPE="char" LENGTH="255" NOTNULL="true" UNSIGNED="true" SEQUENCE="false" DEFAULT="none" COMMENT="the filename of the passage picture"/>
                <FIELD NAME="passagekey" TYPE="char" LENGTH="255" NOTNULL="false" SEQUENCE="false" COMMENT="An identifier for the passage that reports may use"/>
                <FIELD NAME="phonetic" TYPE="text" LENGTH="big" NOTNULL="false" SEQUENCE="false" COMMENT="Phonetic rendition of passage."/>
                <FIELD NAME="alternatives" TYPE="text" LENGTH="big" NOTNULL="false" SEQUENCE="false" COMMENT="Alternatives"/>
                <FIELD NAME="welcome" TYPE="text" LENGTH="big" NOTNULL="false" SEQUENCE="false" COMMENT="Welcome text"/>
                <FIELD NAME="welcomeformat" TYPE="int" LENGTH="4" NOTNULL="true" UNSIGNED="true" DEFAULT="0" SEQUENCE="false"
                       COMMENT="Format of the welcome field (MOODLE, HTML, MARKDOWN...)"/>
                <FIELD NAME="feedback" TYPE="text" LENGTH="big" NOTNULL="false" SEQUENCE="false" COMMENT="Feedback text"/>
                <FIELD NAME="feedbackformat" TYPE="int" LENGTH="4" NOTNULL="true" UNSIGNED="true" DEFAULT="0" SEQUENCE="false"
                       COMMENT="Format of the feedback field (MOODLE, HTML, MARKDOWN...)"/>
                <FIELD NAME="timelimit" TYPE="int" LENGTH="10" NOTNULL="true" UNSIGNED="true" SEQUENCE="false"/>
                <FIELD NAME="targetwpm" TYPE="int" LENGTH="10" NOTNULL="true" UNSIGNED="true" DEFAULT="100" SEQUENCE="false"/>
                <FIELD NAME="accadjustmethod" TYPE="int" LENGTH="10" NOTNULL="true" UNSIGNED="true" DEFAULT="1" SEQUENCE="false"/>
                <FIELD NAME="accadjust" TYPE="int" LENGTH="10" NOTNULL="true" UNSIGNED="true" DEFAULT="0" SEQUENCE="false"/>
                <FIELD NAME="humanpostattempt" TYPE="int" LENGTH="10" NOTNULL="true" UNSIGNED="true" DEFAULT="2" SEQUENCE="false"/>
                <FIELD NAME="machinepostattempt" TYPE="int" LENGTH="10" NOTNULL="true" UNSIGNED="true" DEFAULT="1" SEQUENCE="false"/>
                <FIELD NAME="grade" TYPE="int" LENGTH="3" NOTNULL="true" DEFAULT="0" SEQUENCE="false"/>
                <FIELD NAME="gradeoptions" TYPE="int" LENGTH="10" NOTNULL="true" UNSIGNED="true" DEFAULT="0" SEQUENCE="false" COMMENT="gradeoptions"/>
                <FIELD NAME="sessionscoremethod" TYPE="int" LENGTH="10" NOTNULL="true" UNSIGNED="true" DEFAULT="0" SEQUENCE="false"/>
                <FIELD NAME="machgrademethod" TYPE="int" LENGTH="10" NOTNULL="true" UNSIGNED="true" DEFAULT="0" SEQUENCE="false" COMMENT="machgrademethod"/>
                <FIELD NAME="maxattempts" TYPE="int" LENGTH="10" NOTNULL="true" UNSIGNED="true" DEFAULT="0" SEQUENCE="false" COMMENT="maxattempts"/>
                <FIELD NAME="mingrade" TYPE="int" LENGTH="10" NOTNULL="true" UNSIGNED="true" DEFAULT="0" SEQUENCE="false" COMMENT="completion condition mingrade"/>
                <FIELD NAME="ttslanguage" TYPE="char" LENGTH="255" NOTNULL="true" UNSIGNED="true" SEQUENCE="false" DEFAULT="en-US" COMMENT="the audio filename"/>
                <FIELD NAME="ttsvoice" TYPE="char" LENGTH="255" NOTNULL="true" UNSIGNED="true" SEQUENCE="false" DEFAULT="Amy" COMMENT="the TTS voice name"/>
                <FIELD NAME="ttsspeed" TYPE="int" LENGTH="10" NOTNULL="true" UNSIGNED="true" DEFAULT="1" SEQUENCE="false"/>
                <FIELD NAME="transcriber" TYPE="int" LENGTH="2" NOTNULL="true" UNSIGNED="true" DEFAULT="1" SEQUENCE="false" COMMENT="transcriber"/>
                <FIELD NAME="modelaudiourl" TYPE="char" LENGTH="255" NOTNULL="false" UNSIGNED="true" SEQUENCE="false" COMMENT="the model audio URL"/>
                <FIELD NAME="modelaudiobreaks" TYPE="text" LENGTH="8192" NOTNULL="false" UNSIGNED="true" SEQUENCE="false" COMMENT="json string of model audio breaks"/>
                <FIELD NAME="modelaudiotrans" TYPE="text" LENGTH="big" NOTNULL="false" SEQUENCE="false" COMMENT="modelaudio text transcript."/>
                <FIELD NAME="modelaudiofulltrans" TYPE="text" LENGTH="big" NOTNULL="false" SEQUENCE="false" COMMENT="modelaudio full transcript (JSON)"/>
                <FIELD NAME="modelaudiomatches" TYPE="text" LENGTH="big" NOTNULL="false" SEQUENCE="false" COMMENT="The processed matches (JSON)"/>
                <FIELD NAME="enableai" TYPE="int" LENGTH="2" NOTNULL="true" UNSIGNED="true" SEQUENCE="false" DEFAULT="0" COMMENT="Whether to use AI on this activity"/>
                <FIELD NAME="enablepreview" TYPE="int" LENGTH="2" NOTNULL="true" UNSIGNED="true" SEQUENCE="false" DEFAULT="0" COMMENT="Enable preview mode on this activity"/>
                <FIELD NAME="enableshadow" TYPE="int" LENGTH="2" NOTNULL="true" UNSIGNED="true" SEQUENCE="false" DEFAULT="0" COMMENT="Enable shadow mode on this activity"/>
                <FIELD NAME="enablelandr" TYPE="int" LENGTH="2" NOTNULL="true" UNSIGNED="true" SEQUENCE="false" DEFAULT="0" COMMENT="Enable listen and repeat mode on this activity"/>
                <FIELD NAME="allowearlyexit" TYPE="int" LENGTH="2" NOTNULL="true" UNSIGNED="true" DEFAULT="0" SEQUENCE="false" COMMENT="allow early exit"/>
                <FIELD NAME="expiredays" TYPE="int" LENGTH="10" NOTNULL="true" UNSIGNED="true" DEFAULT="100" SEQUENCE="false"/>
                <FIELD NAME="region" TYPE="char" LENGTH="255" NOTNULL="true" SEQUENCE="false" DEFAULT="useast1" COMMENT="aws region"/>
                <FIELD NAME="recorder" TYPE="char" LENGTH="255" NOTNULL="true" SEQUENCE="false" DEFAULT="readaloud" COMMENT="The audio recorder to use"/>
                <FIELD NAME="activitylink" TYPE="int" LENGTH="10" NOTNULL="true" DEFAULT="0" SEQUENCE="false"/>
                <FIELD NAME="submitrawaudio" TYPE="int" LENGTH="2" NOTNULL="true" DEFAULT="0" SEQUENCE="false"/>
                <FIELD NAME="stricttranscribe" TYPE="int" LENGTH="2" NOTNULL="true" DEFAULT="0" SEQUENCE="false"/>
                <FIELD NAME="foriframe" TYPE="int" LENGTH="2" NOTNULL="true" UNSIGNED="true" DEFAULT="0" SEQUENCE="false" COMMENT="intended to be iframed"/>
                <FIELD NAME="masterinstance" TYPE="int" LENGTH="2" NOTNULL="false" DEFAULT="0" SEQUENCE="false"/>
                <FIELD NAME="usecorpus" TYPE="int" LENGTH="2" NOTNULL="true" DEFAULT="0" SEQUENCE="false" COMMENT="Use a corpus scorer instead of passage scorer"/>
                <FIELD NAME="corpushash" TYPE="char" LENGTH="255" NOTNULL="false" SEQUENCE="false" COMMENT="The hash of the corpus"/>
                <FIELD NAME="corpusrange" TYPE="int" LENGTH="4" NOTNULL="false" DEFAULT="0" SEQUENCE="false"/>
                <FIELD NAME="customfont" TYPE="char" LENGTH="255" NOTNULL="false" SEQUENCE="false" COMMENT="lesson font" />
                <FIELD NAME="stdashboardid" TYPE="int" LENGTH="4" NOTNULL="false" DEFAULT="0" SEQUENCE="false"/>
                <FIELD NAME="timecreated" TYPE="int" LENGTH="10" NOTNULL="true" UNSIGNED="true" SEQUENCE="false"/>
                <FIELD NAME="timemodified" TYPE="int" LENGTH="10" NOTNULL="true" UNSIGNED="true" DEFAULT="0" SEQUENCE="false"/>
				<FIELD NAME="viewstart" TYPE="int" LENGTH="10" NOTNULL="true" UNSIGNED="true"  DEFAULT="0" SEQUENCE="false"/>
                <FIELD NAME="viewend" TYPE="int" LENGTH="10" NOTNULL="true" UNSIGNED="true" DEFAULT="0" SEQUENCE="false"/>
            </FIELDS>
            <KEYS>
                <KEY NAME="primary" TYPE="primary" FIELDS="id"/>
            </KEYS>
            <INDEXES>
                <INDEX NAME="course" UNIQUE="false" FIELDS="course"/>
            </INDEXES>
        </TABLE>
        <TABLE NAME="readaloud_attempt" COMMENT="user attempt data for readaloud">
            <FIELDS>
                <FIELD NAME="id" TYPE="int" LENGTH="10" NOTNULL="true" UNSIGNED="true" SEQUENCE="true"/>
                <FIELD NAME="courseid" TYPE="int" LENGTH="10" NOTNULL="true" UNSIGNED="true" SEQUENCE="false" COMMENT="Course readaloud activity belongs to"/>
                <FIELD NAME="readaloudid" TYPE="int" LENGTH="10" NOTNULL="true" UNSIGNED="true" SEQUENCE="false" COMMENT="readaloud activity this data belongs to"/>
                <FIELD NAME="userid" TYPE="int" LENGTH="10" NOTNULL="true" UNSIGNED="true" SEQUENCE="false" COMMENT="Course readaloud activity belongs to"/>
                <FIELD NAME="status" TYPE="int" LENGTH="10" NOTNULL="true" UNSIGNED="true" DEFAULT="0" SEQUENCE="false" COMMENT="status "/>
                <FIELD NAME="filename" TYPE="char" LENGTH="255" NOTNULL="true" UNSIGNED="true" SEQUENCE="false" COMMENT="the audio filename"/>
                <FIELD NAME="wpm" TYPE="int" LENGTH="10" NOTNULL="false" UNSIGNED="true" SEQUENCE="false" COMMENT="word count per minute"/>
                <FIELD NAME="accuracy" TYPE="int" LENGTH="10" NOTNULL="false" UNSIGNED="true" SEQUENCE="false" COMMENT="word count per minute"/>
                <FIELD NAME="sessionscore" TYPE="int" LENGTH="10" NOTNULL="false" UNSIGNED="true" SEQUENCE="false" COMMENT="the score for this session"/>
                <FIELD NAME="sessiontime" TYPE="int" LENGTH="10" NOTNULL="false" UNSIGNED="true" SEQUENCE="false"/>
                <FIELD NAME="sessionerrors" TYPE="text" LENGTH="8192" NOTNULL="false" UNSIGNED="true" SEQUENCE="false" COMMENT="json string of errors"/>
                <FIELD NAME="sessionendword" TYPE="int" LENGTH="10" NOTNULL="false" UNSIGNED="true" SEQUENCE="false"/>
                <FIELD NAME="errorcount" TYPE="int" LENGTH="10" NOTNULL="true" UNSIGNED="true" DEFAULT="0" SEQUENCE="false"/>
                <FIELD NAME="selfcorrections" TYPE="text" LENGTH="8192" NOTNULL="false" UNSIGNED="true" SEQUENCE="false" COMMENT="json string of self corrections"/>
                <FIELD NAME="sccount" TYPE="int" LENGTH="10" NOTNULL="true" UNSIGNED="true" DEFAULT="0" SEQUENCE="false" COMMENT="number of self corrections"/>
                <FIELD NAME="qscore" TYPE="int" LENGTH="4" NOTNULL="false" DEFAULT="0" SEQUENCE="false"/>
                <FIELD NAME="qdetails" TYPE="text" LENGTH="8192" NOTNULL="false" UNSIGNED="true" SEQUENCE="false"  COMMENT="details of the quiz session"/>
                <FIELD NAME="dontgrade" TYPE="int" LENGTH="2" NOTNULL="false" DEFAULT="0" SEQUENCE="false"/>
                <FIELD NAME="flowerid" TYPE="int" LENGTH="4" NOTNULL="false" DEFAULT="0" SEQUENCE="false"/>
                <FIELD NAME="timecreated" TYPE="int" LENGTH="10" NOTNULL="true" UNSIGNED="true" SEQUENCE="false"/>
                <FIELD NAME="timemodified" TYPE="int" LENGTH="10" NOTNULL="true" UNSIGNED="true" DEFAULT="0" SEQUENCE="false"/>
            </FIELDS>
            <KEYS>
                <KEY NAME="primary" TYPE="primary" FIELDS="id"/>
            </KEYS>
            <INDEXES>
                <INDEX NAME="userid_idx" UNIQUE="false" FIELDS="userid"/>
                <INDEX NAME="readaloudid_idx" UNIQUE="false" FIELDS="readaloudid"/>
            </INDEXES>
        </TABLE>
        <TABLE NAME="readaloud_ai_result" COMMENT="ai scoring data for readaloud">
            <FIELDS>
                <FIELD NAME="id" TYPE="int" LENGTH="10" NOTNULL="true" UNSIGNED="true" SEQUENCE="true"/>
                <FIELD NAME="courseid" TYPE="int" LENGTH="10" NOTNULL="true" UNSIGNED="true" SEQUENCE="false" COMMENT="Course readaloud activity belongs to"/>
                <FIELD NAME="readaloudid" TYPE="int" LENGTH="10" NOTNULL="true" UNSIGNED="true" SEQUENCE="false" COMMENT="readaloud activity this data belongs to"/>
                <FIELD NAME="attemptid" TYPE="int" LENGTH="10" NOTNULL="true" UNSIGNED="true" SEQUENCE="false" COMMENT="Course readaloud activity belongs to"/>
                <FIELD NAME="transcript" TYPE="text" LENGTH="big" NOTNULL="false" SEQUENCE="false" COMMENT="The text transcript."/>
                <FIELD NAME="fulltranscript" TYPE="text" LENGTH="big" NOTNULL="false" SEQUENCE="false" COMMENT="The full TTS result (JSON)"/>
                <FIELD NAME="wpm" TYPE="int" LENGTH="10" NOTNULL="false" UNSIGNED="true" SEQUENCE="false" COMMENT="word count per minute"/>
                <FIELD NAME="accuracy" TYPE="int" LENGTH="10" NOTNULL="false" UNSIGNED="true" SEQUENCE="false" COMMENT="word count per minute"/>
                <FIELD NAME="sessionscore" TYPE="int" LENGTH="10" NOTNULL="false" UNSIGNED="true" SEQUENCE="false" COMMENT="the score for this session"/>
                <FIELD NAME="sessiontime" TYPE="int" LENGTH="10" NOTNULL="false" UNSIGNED="true" SEQUENCE="false"/>
                <FIELD NAME="sessionerrors" TYPE="text" LENGTH="8192" NOTNULL="false" UNSIGNED="true" SEQUENCE="false" COMMENT="json string of errors"/>
                <FIELD NAME="sessionmatches" TYPE="text" LENGTH="8192" NOTNULL="false" UNSIGNED="true" SEQUENCE="false" COMMENT="json string of matches"/>
                <FIELD NAME="sessionendword" TYPE="int" LENGTH="10" NOTNULL="false" UNSIGNED="true" SEQUENCE="false"/>
                <FIELD NAME="errorcount" TYPE="int" LENGTH="10" NOTNULL="true" UNSIGNED="true" DEFAULT="0" SEQUENCE="false"/>
                <FIELD NAME="selfcorrections" TYPE="text" LENGTH="8192" NOTNULL="false" UNSIGNED="true" SEQUENCE="false" COMMENT="json string of self corrections"/>
                <FIELD NAME="sccount" TYPE="int" LENGTH="10" NOTNULL="true" UNSIGNED="true" DEFAULT="0" SEQUENCE="false" COMMENT="number of self corrections"/>
                <FIELD NAME="timecreated" TYPE="int" LENGTH="10" NOTNULL="true" UNSIGNED="true" SEQUENCE="false"/>
                <FIELD NAME="timemodified" TYPE="int" LENGTH="10" NOTNULL="true" UNSIGNED="true" DEFAULT="0" SEQUENCE="false"/>
            </FIELDS>
            <KEYS>
                <KEY NAME="primary" TYPE="primary" FIELDS="id"/>
            </KEYS>
            <INDEXES>
                <INDEX NAME="attemptid_idx" UNIQUE="true" FIELDS="attemptid"/>
                <INDEX NAME="readaloudid_idx" UNIQUE="false" FIELDS="readaloudid"/>
                <INDEX NAME="courseid_idx" UNIQUE="false" FIELDS="courseid"/>                -->
            </INDEXES>
        </TABLE>
        <TABLE NAME="readaloud_rsquestions" COMMENT="readaloud questions table">
            <FIELDS>
                <FIELD NAME="id" TYPE="int" LENGTH="10" NOTNULL="true" SEQUENCE="true"/>
                <FIELD NAME="readaloudid" TYPE="int" LENGTH="10" NOTNULL="false" SEQUENCE="false"/>
                <FIELD NAME="name" TYPE="char" LENGTH="255" NOTNULL="false" SEQUENCE="false"/>
                <FIELD NAME="itemorder" TYPE="int" LENGTH="10" NOTNULL="false" DEFAULT="0" SEQUENCE="false"/>
                <FIELD NAME="type" TYPE="char" LENGTH="20" NOTNULL="false" SEQUENCE="false"/>
                <FIELD NAME="visible" TYPE="int" LENGTH="2" NOTNULL="false" DEFAULT="1" SEQUENCE="false"/>
                <FIELD NAME="itemtext" TYPE="text" NOTNULL="false" SEQUENCE="false"/>
                <FIELD NAME="itemtextformat" TYPE="int" LENGTH="2" NOTNULL="false" DEFAULT="0" SEQUENCE="false"/>
                <FIELD NAME="itemaudiofname" TYPE="text" NOTNULL="false" SEQUENCE="false"/>
                <FIELD NAME="customtext1" TYPE="text" NOTNULL="false" SEQUENCE="false"/>
                <FIELD NAME="customtext1format" TYPE="int" LENGTH="2" NOTNULL="false" SEQUENCE="false"/>
                <FIELD NAME="customtext2" TYPE="text" NOTNULL="false" SEQUENCE="false"/>
                <FIELD NAME="customtext2format" TYPE="int" LENGTH="2" NOTNULL="false" DEFAULT="0" SEQUENCE="false"/>
                <FIELD NAME="customtext3" TYPE="text" NOTNULL="false" SEQUENCE="false"/>
                <FIELD NAME="customtext3format" TYPE="int" LENGTH="2" NOTNULL="false" DEFAULT="0" SEQUENCE="false"/>
                <FIELD NAME="customtext4" TYPE="text" NOTNULL="false" SEQUENCE="false"/>
                <FIELD NAME="customtext4format" TYPE="int" LENGTH="2" NOTNULL="false" DEFAULT="0" SEQUENCE="false"/>
                <FIELD NAME="correctanswer" TYPE="int" LENGTH="4" NOTNULL="false" DEFAULT="0" SEQUENCE="false"/>
                <FIELD NAME="timemodified" TYPE="int" LENGTH="10" NOTNULL="false" DEFAULT="0" SEQUENCE="false"/>
                <FIELD NAME="rsquestionkey" TYPE="text" LENGTH="big" NOTNULL="false" SEQUENCE="false" COMMENT="" />
                <FIELD NAME="createdby" TYPE="int" LENGTH="10" NOTNULL="false" SEQUENCE="false"/>
                <FIELD NAME="modifiedby" TYPE="int" LENGTH="10" NOTNULL="false" SEQUENCE="false"/>
            </FIELDS>
            <KEYS>
                <KEY NAME="primary" TYPE="primary" FIELDS="id"/>
            </KEYS>
        </TABLE>
        <TABLE NAME="readaloud_auth" COMMENT="Stores tokens for authenticating users for different actions">
            <FIELDS>
                <FIELD NAME="id" TYPE="int" LENGTH="10" NOTNULL="true" SEQUENCE="true"/>
                <FIELD NAME="user_id" TYPE="int" LENGTH="10" NOTNULL="true" SEQUENCE="false" COMMENT="Id of the user that created the token"/>
                <FIELD NAME="created_at" TYPE="int" LENGTH="11" NOTNULL="true" SEQUENCE="false" COMMENT="Timestamp for when token was created"/>
                <FIELD NAME="secret" TYPE="char" LENGTH="64" NOTNULL="true" SEQUENCE="false" COMMENT="Secret used to generate the authentication token"/>
            </FIELDS>
            <KEYS>
                <KEY NAME="primary" TYPE="primary" FIELDS="id"/>
            </KEYS>
            <INDEXES>
                <INDEX NAME="user_id" UNIQUE="true" FIELDS="user_id"/>
            </INDEXES>
        </TABLE>
    </TABLES>
</XMLDB>
